<?xml version="1.0" encoding="UTF-8"?>
<project-private xmlns="http://www.netbeans.org/ns/project-private/1">
    <editor-bookmarks xmlns="http://www.netbeans.org/ns/editor-bookmarks/2" lastBookmarkId="0"/>
    <open-files xmlns="http://www.netbeans.org/ns/projectui-open-files/2">
        <group name="HALO 170 Group 20161012-08:58:24">
            <file>file:/C:/JP%20CV%202016/SocketAuthWebApp/web/index.html</file>
            <file>file:/C:/JP%20CV%202016/SocketAuthWebApp/web/css/maincss.css</file>
        </group>
    </open-files>
</project-private>
